GENERATION_PROJECT,build_year,build_gen_predetermined
S_BSLLanos7,1980,99.9
S_LigustroI,1980,99.9
S_LigustroII,1980,99.9
S_Tangara,1980,99.9
S_Charcos,1980,99.9
S_LasMarias,1980,99.5
S_Latam2,1980,9.9
T_ArgosYumbo,1980,9.9
T_Reficar,1980,9.9
T_ArgoCartag,1980,9.9
S_Colorados,1980,9.9
T_TerCapacho,1980,9.9
H_Guaviomeno,1980,9.9
S_DelphiHeli,1980,9.9
S_Paila,1980,9.9
S_Espinal,1980,9.9
S_Carmelo,1980,9.9
S_Colorados2,1980,9.9
S_Bugalagr,1980,9.9
S_Barranquit,1980,9.9
S_Malambo,1980,9.9
S_Levapan,1980,9.9
S_Tucanes,1980,9.9
S_ParqueOLDT,1980,9.9
S_ElTropezon,1980,9.9
S_Dinamarca,1980,9.9
S_Versalles,1980,9.9
H_Zeus,1980,9.9
S_PetaloMagd,1980,9.9
S_Roldanillo,1980,9.9
S_PiojoI,1980,9.9
S_PiojoII,1980,9.9
S_PiojoIII,1980,9.9
S_SFrancisco,1980,9.9
S_GrSFelipe,1980,9.9
S_Sachica,1980,9.9
S_JacobTolu,1980,9.9
S_LaMena,1980,9.9
H_RioVerde,1980,9.9
S_Sincerin,1980,9.9
S_Numbana,1980,9.9
S_Monteliban,1980,9.9
S_SandaloII,1980,9.9
S_Corocora,1980,9.9
S_BrisaSol3,1980,9.9
S_HondaSol1,1980,9.9
S_ApuloSol1,1980,9.9
S_Buenavista,1980,9.9
S_SoldeMarII,1980,9.9
S_CentroSola,1980,9.9
S_HondaSol2,1980,9.9
S_PSColima,1980,9.9
S_PSCondor,1980,9.9
S_Morichal,1980,9.9
S_Paloblanc1,1980,9.9
S_Paloblanc2,1980,9.9
S_Paloblanc3,1980,9.9
S_ArdobelaI,1980,9.9
S_PSJeques,1980,9.9
S_ArdobelaII,1980,9.9
S_AutMalambo,1980,9.9
S_Uraba1,1980,9.9
S_LaFortuna,1980,9.9
S_Hatogrande,1980,9.9
S_Sue1,1980,9.9
S_Guachal2,1980,9.9
S_Guachal3,1980,9.9
S_PSMinero,1980,9.9
S_ElLago2,1980,9.9
S_ElLago1,1980,9.9
S_ElJardin,1980,9.9
S_ApuloSolII,1980,9.9
S_PSRockra,1980,9.9
S_ElArbolito,1980,9.9
S_SolyCielo1,1980,9.9
S_Laguna,1980,9.9
S_Novillero,1980,9.9
S_LaMina,1980,9.9
S_LaTabla,1980,9.9
H_CHLaNoque,1980,9.9
S_LaMartina,1980,9.9
S_Yumbo,1980,9.8
S_Alma1,1980,9.8
S_Alma2,1980,9.8
S_ACSASolar,1980,9.8
T_TerBolivar,1980,9.7
H_Caruquia,1980,9.5
H_Guanaquita,1980,9.5
S_Girasoles,1980,9.5
T_CoColtejer,1980,9.4
S_JuanaMaria,1980,9.4
S_BadelI,1980,8.6
H_PiacoraII,1980,8.53
S_SolBolivar,1980,8.06
H_RioMulato2,1980,7.34
H_AguaFresca,1980,7.29
H_Nima,1980,6.7
T_AutArCairo,1980,6.5
H_Magallo,1980,5.7
H_IquiraII,1980,5.4
H_Nuevoliba,1980,5.1
H_PiacoraI,1980,5.1
H_ProvidencI,1980,4.9
H_Naveta,1980,4.8
H_Barrancas,1980,4.7
H_JuanGarcia,1980,4.52
H_Coconuco,1980,4.5
H_Cantayus,1980,4.32
H_IquiraI,1980,4.32
H_Puente_Gui,1980,4.2
T_Piedras,1980,3.75
H_Mirolindo,1980,3.75
T_AutTurgas,1980,3.5
H_Belmonte,1980,3.4
H_Sajandi,1980,3.2
H_LaFlorida,1980,3.2
S_PSRovira,1980,3.2
H_Manantiale,1980,3.15
H_Santiago,1980,2.8
H_Suba,1980,2.6
H_Caracoli,1980,2.6
H_Vequedo,1980,2.6
H_Rumor,1980,2.5
H_VentanaA,1980,2.5
H_VentanaB,1980,2.5
S_SanOro,1980,2.5
S_ElBongo,1980,2.5
S_SanPelayo,1980,2.5
S_SanSerapio,1980,2.5
S_Harinas,1980,2.5
T_CoCocaCola,1980,2.44
H_CascadaAnt,1980,2.3
H_ElBosque,1980,2.28
T_Tequendama,1980,2.25
H_Barroso,1980,19.9
T_Bioenergy,1980,19.9
T_CoMayagues,1980,19.9
T_CogProenca,1980,19.9
T_CoProviden,1980,19.9
T_CoRisarald,1980,19.9
H_ElEden,1980,19.9
H_ElMolino,1980,19.9
H_ElPopal,1980,19.9
H_Montanitas,1980,19.9
H_MorroAzul,1980,19.9
H_SanAndres2,1980,19.9
H_SanMatias,1980,19.9
T_TermYopal1,1980,19.9
H_TuluaAlto,1980,19.9
H_TuluaBajo,1980,19.9
S_Latam1,1980,19.9
S_BSLlanos1,1980,19.9
S_BSBolvr500,1980,19.9
S_BSBolvr501,1980,19.9
S_BSBolvr502,1980,19.9
H_RioPiedras,1980,19.9
S_BSLlanos2,1980,19.9
S_BSLlanos3,1980,19.9
S_Sierpe,1980,19.9
T_AutogCDSTM,1980,19.9
H_Florida,1980,19.9
S_KairoII,1980,19.9
S_Dulima,1980,19.9
S_Victoria2,1980,19.9
S_ParqueUrra,1980,19.9
S_Escobal1,1980,19.9
S_Escobal2,1980,19.9
S_Escobal3,1980,19.9
S_Escobal4,1980,19.9
S_Escobal5,1980,19.9
S_PlanetaRic,1980,19.9
S_PSFBaranoa,1980,19.9
S_Victoria1,1980,19.9
S_PSBochica,1980,19.9
S_Gualanday,1980,19.9
H_Chorrerita,1980,19.9
S_Morrosqll3,1980,19.9
S_PtoTejada,1980,19.9
S_Guachal1,1980,19.9
S_Uraba2,1980,19.9
S_Domenica,1980,19.9
S_Chinchina,1980,19.9
S_Zuba1,1980,19.9
S_Playitas,1980,19.9
S_EMCALI1,1980,19.9
S_JuanMina,1980,19.9
S_SFPWilches,1980,19.9
H_Herradura,1980,19.8
H_RioMayo,1980,19.8
H_Tunjita,1980,19.7
H_LuzMaI,1980,19.6
H_LuzMaII,1980,19.6
S_Morrosqll1,1980,19.5
S_Morrosqll2,1980,19.5
S_ElRoble,1980,19.5
H_AuresBajo,1980,19.4
T_Mechero4,1980,19.3
T_Mechero5,1980,19.3
T_Mechero6,1980,19.3
H_Amaime,1980,19.17
H_Sonson,1980,18.5
E_Jepirachi,1980,18.42
H_Ayura,1980,16.7
H_RioBravoCa,1980,15.9
S_Zapatoca,1980,15.5
H_Pajarito,1980,13.2
H_La_Vuelta,1980,11.6
H_RioNegro,1980,10.2
H_Usaquen,1980,1.8
H_Porce3Meno,1980,1.8
H_RioCali,1980,1.8
T_BiogDJuana,1980,1.7
H_RioFrioI,1980,1.67
H_RioSapuye,1980,1.65
T_AutoYaguar,1980,1.6
H_JulioBravo,1980,1.5
H_PaticoCab,1980,1.48
H_RioPalo,1980,1.44
H_LaPita,1980,1.42
H_Municipal,1980,1.4
H_SantaRita,1980,1.3
H_Currucucue,1980,1.25
H_Coello,1980,1.2
H_Libertad,1980,1.2
H_Guaico,1980,1.2
H_SanJosMoII,1980,1.1
T_AutoUnibol,1980,1.1
H_Urrao,1980,1.03
H_Rio_Recio,1980,0.984
H_Intermedia,1980,0.96
H_CampestreE,1980,0.87
H_Guacaica,1980,0.86
H_Ovejas,1980,0.82
H_Amalfi,1980,0.81
H_Remedios,1980,0.75
H_Mondomo,1980,0.75
H_Inza,1980,0.75
H_Nutibara,1980,0.75
H_Cocuyo,1980,0.7
H_LaRebusca,1980,0.7
H_CampestreC,1980,0.7
H_Union,1980,0.7
H_Pastales,1980,0.7
H_Bayona,1980,0.6
H_Frisolera,1980,0.47
H_SFrancisPu,1980,0.468
H_Asnazu,1980,0.45
H_America,1980,0.41
H_SanjoseMon,1980,0.4
H_Silvia,1980,0.38
H_SanJose,1980,0.38
TERMO YOPAL2,2004,28
GUAVIO,1993,1250
SAN CARLOS,1987,1240
ITUANGO,2022,1200
CHIVOR,1977,1000
SOGAMOSO,2014,819
TEBSAB,1998,791
TEBSAGIM,1998,791
PORCE III,2002,700
GUATAPE,1980,560
BETANIA,1987,540
TERMOSIERRA,1998,460
TSIERRAGAS,1998,460
FLORES4,2010,450
FLORES4GIM,2010,450
PORCE II,2001,405
EL QUIMBO,2015,400
S_Sahagun,1980,400
MIEL I,2002,396
ALTOANCHICAY,1974,355
S_Chinu,1980,350
URRA,2000,338
LA GUACA,1988,324
SALVAJINA,1995,315
LA TASAJERA,1994,306
S_PuertaOro,1980,300
E_ParqueBeta,1980,280
PARAISO,1987,276
TC_GECELCA32,2018,273
TERMOCENTRO,2000,272
GUADALUPE 3,1972,270
E_Camelia,1980,250
S_Carreto,1980,250
TERMOVALLE,2011,241
TERMOVAGAS,2011,241
TERMOEMCALI,1999,240
TERMOEMCGAS,1999,240
E_ParqueAlph,1980,212
PLAYAS,1988,207
GUADALUPE 4,1972,202
E_IpapureE02,1980,201
ELTESORITO,2022,200
E_Windpeshi,1980,200
E_TumaWind,1980,200
S_LaSierra,1980,200
S_Guayepo,1980,200
S_AtlanPhoto,1980,200
S_Guayacanes,1980,200
S_yariguies,1980,200
S_SabanaLarg,1980,200
S_Sahagun200,1980,200
S_Guayepo2,1980,200
S_ElCopey,1980,200
S_SummaII,1980,200
S_Carare,1980,200
E_VtsAlisios,1980,200
S_Villavieja,1980,200
S_LaOrquidea,1980,200
S_Sahagun201,1980,200
E_JK4,1980,195
E_JK1,1980,180
TASAJERO 2,2015,170
JAGUAS,1988,170
E_Atlanti168,1980,168
MERILECTRICA,1998,167
PAIPA 4,1999,165
TC_GECELCA3,2015,164
TASAJERO 1,1985,163
CANDELARIA1,2000,162
CANDELARIA2,2000,162
FLORES 1,1993,160
FLORES1GN,1993,160
S_Shangrila,1980,160
DARIO VALENC,2014,150
S_LatamSolar,1980,150
S_Toluviejo,1980,150
S_Romosinuan,1980,150
GUAJIRA1,1983,145
GUAJ1GAS,1983,145
GUAJIRA2,1987,145
GUAJ2GAS,1987,145
S_7X19.9,1980,139
SANFRANCISCO,1969,135
CALIMA,1967,132
S_Barranca,1980,125
T_AguaAzul1,1980,125
S_NRColI,1980,120
S_ElGaban2,1980,120
S_PortonSol,1980,102
E_Chemesky,1980,100
S_Fundacion,1980,100
S_Union,1980,100
S_ElCampano,1980,100
E_Culantral,1980,100
E_Magdalena,1980,100
S_Nabusimake,1980,100
S_Andromeda,1980,100
S_Manglares,1980,100
S_Barzalosa,1980,100
S_Valledupar,1980,100
E_JK3,1980,99
S_Cartago,1980,99
S_Escobal6,1980,99
TERMONORTE,2018,93
S_SanFelipe,1980,90
S_Paipa_I,1980,88
S_Andes,1980,85
S_Tepuy,1980,83
AMOYA,2013,80
S_LaMata,1980,80
S_BSLlanos,1980,80
S_Aguaclara,1980,80
C_LLERAS_R,2015,78
S_Wimke,1980,76
E_Acacias2,1980,75
E_JK2,1980,75
PAIPA 3,1982,74
PAIPA 2,1975,72
BAJOANCHICAY,1957,72
S_Paipa_II,1980,72
S_El_Paso,1980,67
CARTAGENA3,1980,66
CARTAGGAS3,1980,66
ZIPAEMG3,1976,66
ZIPAEMG4,1981,66
ZIPAEMG5,1985,66
BARRANQUILL4,1980,64
BARRANQUILL3,1980,63
CARTAGENA1,1995,62
CARTAGGAS1,1995,62
T_CogIncauca,1980,60
S_BRS60,1980,60
S_Zuba2,1980,60
CUCUANA,2015,58
S_Primavera,1980,57
TEQUEND1-4,1980,56.8
CARTAGENA2,1980,56
CARTAGGAS2,1980,56
ESCUELAMINAS,2019,55
SNMIGUEL,2015,52
PRADO,1973,51
PROELECTRIC1,1993,50
PROELECTRIC2,1993,50
TERMODORADA1,1997,50
TERMODORAGAS,1997,50
TERMOYOPALG3,2020,50
TERMOYOPALG4,2020,50
TERMOYOPALG5,2021,50
E_Ahumado,1980,50
S_Caracoli,1980,50
S_Pubenza,1980,50
S_ValleSol,1980,50
S_MalamboI,1980,50
S_Pacande,1980,50
S_TolimaNort,1980,50
S_EMCALI2,1980,50
TRONERAS,1965,40
S_Pradera,1980,40
S_Santander,1980,40
S_FVLizama,1980,40
S_LaPaloma,1980,40
PAIPA 1,1963,39
ZIPAEMG2,1964,38
SALTO II,2014,35
S_Sunnorte,1980,35
ESMERALDA,1963,30
S_Atlantico1,1980,30
S_PalmaSeca,1980,28
S_Ubate,1980,28
S_MataRedond,1980,25
S_Awalara,1980,20
T_CogCabanas,1980,20
E_GuajiraI,1980,20
H_Montebonit,1980,20
H_Hidronare,1980,20
H_AuresAlto,1980,20
S_BSLlanos4,1980,20
S_Prosperida,1980,20
S_LaIguana,1980,20
S_Since,1980,20
S_Chicamocha,1980,20
S_Codazzi1,1980,20
S_Codazzi2,1980,20
S_LaCayena,1980,20
S_Baranoa,1980,20
S_BSBolvr503,1980,20
S_BSBolvr504,1980,20
S_ElColibri,1980,20
S_Trebol,1980,20
S_Ocobos,1980,20
H_PanderiscI,1980,20
T_AguaAzul2,1980,20
S_PetaCesaII,1980,20
S_Macaregua,1980,20
S_Chicamoch1,1980,20
S_Chicamoch2,1980,20
S_Chicamoch4,1980,20
S_Cimitarra,1980,20
S_AtlanticIV,1980,20
S_KairoI,1980,20
S_KairoIII,1980,20
H_Cauquillo,1980,20
H_RioHondo,1980,20
S_Zarzal1,1980,20
S_Tolua,1980,20
S_Flandes,1980,20
S_Zarzal2,1980,20
H_SBartolome,1980,20
H_Oibita,1980,20
H_SantaRosa,1980,20
H_Altamira,1980,20
CALDERAS,1980,19.9
CHARQUITO,1980,19.4
RIOGRANDE 1,1980,19
INSULA,1980,19
S_PoloNuevo1,1980,19
H_Niquia,1980,19
S_SanIsidro,1980,19
LAGUN-LIMON,1980,18
S_BSLlanos5,1980,18
H_ElLimonar,1980,18
H_Paraiso,1980,18
T_MilpaSamac,1980,18
T_ProencaII,1980,17
T_AutFertico,1980,17
T_IngPichich,1980,17
T_CoRioPaila,1980,16
H_Patico,1980,16
S_ZambranoII,1980,16
H_Alejandria,1980,15
H_LasPalmas,1980,15
H_Chorrera,1980,15
S_PtrWilches,1980,15
S_Gamarrita1,1980,15
S_Gamarrita2,1980,15
S_Gamarrita3,1980,15
S_SabanaTorr,1980,15
H_Paloma,1980,14
H_Dovio,1980,14
H_AurraSucia,1980,14
H_Guachicono,1980,12
E_Wayuu,1980,12
T_CoManuelit,1980,12
H_TZII,1980,11
T_DonJuanaII,1980,10
H_Sirgua,1980,10
S_PoloNuevo2,1980,10
S_Ponedera,1980,10
H_RioFrioII,1980,10
S_PetaloCesa,1980,10
S_Filigrana,1980,10
S_CBarbosaI,1980,10
S_CBarbosaII,1980,10
S_Oicata,1980,10
S_Cordobita,1980,10
S_Jumi,1980,10
S_CRLI,1980,10
S_SGD,1980,10
E_Carreto,1980,10
S_PN1,1980,10
S_Cabelleros,1980,10
S_GranjaSanF,1980,10
S_Medin,1980,10
S_Lanceros,1980,10
S_Yuma,1980,10
S_Cerrito,1980,10
S_Andaluci,1980,10
S_TamarindI,1980,10
S_TamarindII,1980,10
S_CordobaI,1980,10
S_CordobaII,1980,10
S_Alejandria,1980,10
S_PetaloSucr,1980,10
S_TierraLind,1980,10
S_Zawad,1980,10
H_Frazadas,1980,10
S_Jireh,1980,10
H_RioGrande,1980,9
H_RioMultat1,1980,9
H_AutCemNare,1980,9
H_PacoraII,1980,9
H_Hidroarqui,1980,9
H_AltoOvejas,1980,9
H_SantaInes,1980,9
S_ElGuamo,1980,9
S_Guayacan,1980,8
S_Ceiba,1980,8
H_SantaAna,1980,8
S_Suarez,1980,8
H_Flautas,1980,6
H_Sueva2,1980,6
S_Belmonte,1980,6
S_AutBavaria,1980,6
PRADO4,1980,5
T_AutoSogamo,1980,5
T_Bello,1980,5
H_PacoraI,1980,5
T_Termotame,1980,5
S_Natagaima,1980,5
H_Conde,1980,4
T_EgipPalmas,1980,4
H_RioBobo,1980,4
H_Tatefanes,1980,4
T_UatOrito,1980,4
S_PEESA,1980,4
S_TerTasajer,1980,4
H_LaCascada,1980,3
T_Castilla1,1980,3
S_Bayunca1,1980,3
H_Cascada,1980,3
H_Piendamo,1980,3
T_CoIngscarl,1980,2
H_Cauya,1980,2
H_SanCancio,1980,2
H_CascadaGra,1980,2
S_Arenal,1980,2
S_Purificac,1980,2
H_Buco,1980,1
H_DonaTere,1980,1
T_AutoFamili,1980,1
H_Violetas,1980,1
H_Pocune,1980,1
H_RioFrioTam,1980,1
H_Versalles,1980,1
T_AutHormiga,1980,1
NECHI,1980,0
PAJARITO,1980,0
DOLORES,1980,0
MIRAFLORES,1980,0
TENCHE,1980,0
QUEBRADONA,1980,0
CHINCHINA,1980,0
CAMPOALEGRE,1980,0
ESTRELLA,1980,0
DESANFRAN,1980,0
NIQUIA,1980,0
SISGA,1980,0
RB ACHURY,1980,0
TOMINE,1980,0
NEUSA,1980,0
RB ACHU-ESPI,1980,0
S ACUEDU-BOG,1980,0
CHUZA,1980,0
DESV RBLANCO,1980,0
TUNEL CHUZA,1980,0
RB ESPI-ALIC,1980,0
NEGRORUCIO,1980,0
RUCIO,1980,0
NEGRO,1980,0
TUNJITA,1980,0
GUARINO,1980,0
MANSO,1980,0
COMP. ESPINO,1980,0
MUNA,1980,0
AF_RIOCUCUA,1980,0
AF_SNMARCOS,1980,0
DS_SNMARCOS,1980,0
T_IngPichiI,1980,0
T_IngCarmerI,1980,0
H_Tumaco1,1980,0
T_CogPapeles,1980,0
S_CSBuga1,1980,0
